-- phpMyAdmin SQL Dump
-- version 5.2.0
-- https://www.phpmyadmin.net/
--
-- Host: 127.0.0.1
-- Waktu pembuatan: 13 Agu 2023 pada 07.56
-- Versi server: 10.4.24-MariaDB
-- Versi PHP: 7.4.29

SET SQL_MODE = "NO_AUTO_VALUE_ON_ZERO";
START TRANSACTION;
SET time_zone = "+00:00";


/*!40101 SET @OLD_CHARACTER_SET_CLIENT=@@CHARACTER_SET_CLIENT */;
/*!40101 SET @OLD_CHARACTER_SET_RESULTS=@@CHARACTER_SET_RESULTS */;
/*!40101 SET @OLD_COLLATION_CONNECTION=@@COLLATION_CONNECTION */;
/*!40101 SET NAMES utf8mb4 */;

--
-- Database: `dbimam`
--

-- --------------------------------------------------------

--
-- Struktur dari tabel `admin`
--

CREATE TABLE `admin` (
  `idadmin` int(11) NOT NULL,
  `username` varchar(20) NOT NULL,
  `password` varchar(20) NOT NULL,
  `namalengkap` varchar(50) NOT NULL
) ENGINE=InnoDB DEFAULT CHARSET=latin1;

--
-- Dumping data untuk tabel `admin`
--

INSERT INTO `admin` (`idadmin`, `username`, `password`, `namalengkap`) VALUES
(1, 'admin', 'admin', 'Imam Adityo');

-- --------------------------------------------------------

--
-- Struktur dari tabel `banyak`
--

CREATE TABLE `banyak` (
  `idadmin` int(11) NOT NULL,
  `banyak` int(11) NOT NULL
) ENGINE=InnoDB DEFAULT CHARSET=utf8mb4;

--
-- Dumping data untuk tabel `banyak`
--

INSERT INTO `banyak` (`idadmin`, `banyak`) VALUES
(1, 106);

-- --------------------------------------------------------

--
-- Struktur dari tabel `diagnosa`
--

CREATE TABLE `diagnosa` (
  `id_pasien` int(11) NOT NULL,
  `pilih` varchar(10) NOT NULL
) ENGINE=InnoDB DEFAULT CHARSET=utf8mb4;

--
-- Dumping data untuk tabel `diagnosa`
--

INSERT INTO `diagnosa` (`id_pasien`, `pilih`) VALUES
(3, 'G01'),
(3, 'G02'),
(3, 'G03'),
(3, ''),
(3, 'G05'),
(3, 'G06'),
(3, 'G07'),
(3, ''),
(3, 'G09'),
(3, ''),
(3, ''),
(3, 'G12'),
(4, 'G01'),
(4, 'G02'),
(4, 'G03'),
(4, ''),
(4, ''),
(4, ''),
(4, 'G07'),
(4, 'G08'),
(4, 'G09'),
(4, ''),
(4, ''),
(4, ''),
(5, ''),
(5, ''),
(5, ''),
(5, ''),
(5, 'G05'),
(5, 'G06'),
(5, 'G07'),
(5, 'G08'),
(5, 'G09'),
(5, ''),
(5, 'G11'),
(5, 'G12'),
(6, 'G01'),
(6, 'G02'),
(6, 'G03'),
(6, 'G04'),
(6, 'G05'),
(6, 'G06'),
(6, 'G07'),
(6, 'G08'),
(6, 'G09'),
(6, 'G10'),
(6, 'G11'),
(6, 'G12'),
(7, 'G01'),
(7, 'G02'),
(7, 'G03'),
(7, 'G04'),
(7, 'G05'),
(7, 'G06'),
(7, ''),
(7, ''),
(7, ''),
(7, ''),
(7, ''),
(7, ''),
(8, 'G01'),
(8, 'G02'),
(8, 'G03'),
(8, ''),
(8, 'G05'),
(8, ''),
(8, 'G07'),
(8, ''),
(8, 'G09'),
(8, 'G10'),
(8, ''),
(8, 'G12'),
(9, 'G01'),
(9, ''),
(9, ''),
(9, 'G04'),
(9, ''),
(9, 'G06'),
(9, ''),
(9, 'G08'),
(9, ''),
(9, 'G10'),
(9, ''),
(9, 'G12'),
(9, ''),
(10, 'G01'),
(10, 'G02'),
(10, ''),
(10, ''),
(10, ''),
(10, 'G06'),
(10, ''),
(10, 'G08'),
(10, ''),
(10, ''),
(10, ''),
(10, 'G12'),
(11, 'G01'),
(11, 'G02'),
(11, ''),
(11, ''),
(11, ''),
(11, 'G06'),
(11, ''),
(11, ''),
(11, ''),
(11, ''),
(11, ''),
(11, 'G12'),
(12, 'G01'),
(12, 'G02'),
(12, ''),
(12, ''),
(12, ''),
(12, 'G06'),
(12, ''),
(12, 'G08'),
(12, ''),
(12, ''),
(12, ''),
(12, 'G12'),
(13, 'G01'),
(13, 'G02'),
(13, ''),
(13, ''),
(13, ''),
(13, 'G06'),
(13, ''),
(13, 'G08'),
(13, ''),
(13, ''),
(13, ''),
(13, 'G12'),
(14, 'G01'),
(14, 'G02'),
(14, ''),
(14, ''),
(14, ''),
(14, 'G06'),
(14, ''),
(14, 'G08'),
(14, ''),
(14, ''),
(14, ''),
(14, ''),
(15, 'G01'),
(15, 'G02'),
(15, 'G03'),
(15, ''),
(15, ''),
(15, ''),
(15, ''),
(15, 'G08'),
(15, ''),
(15, 'G10'),
(15, ''),
(15, 'G12'),
(16, 'G01'),
(16, ''),
(16, 'G03'),
(16, 'G04'),
(16, 'G05'),
(16, ''),
(16, ''),
(16, 'G08'),
(16, ''),
(16, ''),
(16, ''),
(16, ''),
(17, 'G01'),
(17, 'G02'),
(17, 'G03'),
(17, 'G04'),
(17, 'G05'),
(17, ''),
(17, ''),
(17, 'G08'),
(17, ''),
(17, ''),
(17, ''),
(17, ''),
(18, 'G01'),
(18, 'G02'),
(18, ''),
(18, ''),
(18, 'G05'),
(18, ''),
(18, 'G07'),
(18, ''),
(18, ''),
(18, 'G10'),
(18, ''),
(18, 'G12'),
(19, 'G01'),
(19, 'G02'),
(19, ''),
(19, ''),
(19, 'G05'),
(19, ''),
(19, 'G07'),
(19, ''),
(19, ''),
(19, 'G10'),
(19, ''),
(19, 'G12'),
(20, 'G01'),
(20, 'G02'),
(20, ''),
(20, ''),
(20, 'G05'),
(20, ''),
(20, 'G07'),
(20, ''),
(20, ''),
(20, 'G10'),
(20, ''),
(20, 'G12'),
(21, 'G01'),
(21, 'G02'),
(21, ''),
(21, ''),
(21, 'G05'),
(21, ''),
(21, 'G07'),
(21, ''),
(21, ''),
(21, 'G10'),
(21, ''),
(21, 'G12'),
(22, 'G01'),
(22, 'G02'),
(22, ''),
(22, ''),
(22, ''),
(22, 'G06'),
(22, ''),
(22, 'G08'),
(22, ''),
(22, ''),
(22, ''),
(22, ''),
(23, 'G01'),
(23, 'G02'),
(23, ''),
(23, ''),
(23, ''),
(23, 'G06'),
(23, ''),
(23, 'G08'),
(23, ''),
(23, ''),
(23, ''),
(23, 'G12'),
(24, 'G01'),
(24, 'G02'),
(24, ''),
(24, ''),
(24, ''),
(24, 'G06'),
(24, ''),
(24, 'G08'),
(24, ''),
(24, ''),
(24, ''),
(24, 'G12'),
(25, 'G01'),
(25, 'G02'),
(25, '--Jawab Pe'),
(25, '--Jawab Pe'),
(25, '--Jawab Pe'),
(25, '--Jawab Pe'),
(25, '--Jawab Pe'),
(25, '--Jawab Pe'),
(25, '--Jawab Pe'),
(25, '--Jawab Pe'),
(25, '--Jawab Pe'),
(25, '--Jawab Pe'),
(26, 'G01'),
(26, 'G02'),
(26, '--Jawab Pe'),
(26, '--Jawab Pe'),
(26, '--Jawab Pe'),
(26, '--Jawab Pe'),
(26, '--Jawab Pe'),
(26, '--Jawab Pe'),
(26, '--Jawab Pe'),
(26, '--Jawab Pe'),
(26, '--Jawab Pe'),
(26, '--Jawab Pe'),
(27, 'G01'),
(27, 'G02'),
(27, ''),
(27, ''),
(27, ''),
(27, 'G06'),
(27, ''),
(27, 'G08'),
(27, ''),
(27, ''),
(27, ''),
(27, 'G12'),
(28, 'G01'),
(28, 'G02'),
(28, '--Jawab Pe'),
(28, '--Jawab Pe'),
(28, '--Jawab Pe'),
(28, 'G06'),
(28, '--Jawab Pe'),
(28, 'G08'),
(28, '--Jawab Pe'),
(28, '--Jawab Pe'),
(28, '--Jawab Pe'),
(28, 'G12'),
(29, 'G01'),
(29, 'G02'),
(29, '--Jawab Pe'),
(29, '--Jawab Pe'),
(29, '--Jawab Pe'),
(29, 'G06'),
(29, '--Jawab Pe'),
(29, 'G08'),
(29, '--Jawab Pe'),
(29, '--Jawab Pe'),
(29, '--Jawab Pe'),
(29, 'G12'),
(30, 'G01'),
(30, ''),
(30, ''),
(30, ''),
(30, ''),
(30, 'G06'),
(30, ''),
(30, 'G08'),
(30, ''),
(30, ''),
(30, ''),
(30, 'G12'),
(31, 'G01'),
(31, ''),
(31, 'G03'),
(31, ''),
(31, ''),
(31, ''),
(31, ''),
(31, 'G08'),
(31, ''),
(31, ''),
(31, ''),
(31, ''),
(32, '--Jawab Pe'),
(32, 'G02'),
(32, '--Jawab Pe'),
(32, '--Jawab Pe'),
(32, 'G05'),
(32, 'G06'),
(32, '--Jawab Pe'),
(32, '--Jawab Pe'),
(32, '--Jawab Pe'),
(32, '--Jawab Pe'),
(32, '--Jawab Pe'),
(32, 'G12'),
(33, 'G01'),
(33, 'G02'),
(33, '--Jawab Pe'),
(33, '--Jawab Pe'),
(33, '--Jawab Pe'),
(33, 'G06'),
(33, '--Jawab Pe'),
(33, 'G08'),
(33, 'G09'),
(33, '--Jawab Pe'),
(33, '--Jawab Pe'),
(33, 'G12'),
(34, 'G01'),
(34, 'G02'),
(34, 'G03'),
(34, '--Jawab Pe'),
(34, '--Jawab Pe'),
(34, 'G06'),
(34, '--Jawab Pe'),
(34, 'G08'),
(34, '--Jawab Pe'),
(34, '--Jawab Pe'),
(34, '--Jawab Pe'),
(34, 'G12'),
(35, 'G01'),
(35, 'G02'),
(35, '--Jawab Pe'),
(35, '--Jawab Pe'),
(35, '--Jawab Pe'),
(35, 'G06'),
(35, 'G07'),
(35, 'G08'),
(35, '--Jawab Pe'),
(35, '--Jawab Pe'),
(35, '--Jawab Pe'),
(35, 'G12'),
(36, 'G01'),
(36, 'G02'),
(36, 'G03'),
(36, 'G04'),
(36, '--Jawab Pe'),
(36, '--Jawab Pe'),
(36, '--Jawab Pe'),
(36, '--Jawab Pe'),
(36, '--Jawab Pe'),
(36, '--Jawab Pe'),
(36, '--Jawab Pe'),
(36, 'G12'),
(37, '--Jawab Pe'),
(37, 'G02'),
(37, '--Jawab Pe'),
(37, '--Jawab Pe'),
(37, 'G05'),
(37, '--Jawab Pe'),
(37, 'G07'),
(37, '--Jawab Pe'),
(37, '--Jawab Pe'),
(37, '--Jawab Pe'),
(37, '--Jawab Pe'),
(37, 'G12'),
(38, '--Jawab Pe'),
(38, '--Jawab Pe'),
(38, '--Jawab Pe'),
(38, '--Jawab Pe'),
(38, '--Jawab Pe'),
(38, 'G06'),
(38, '--Jawab Pe'),
(38, 'G08'),
(38, '--Jawab Pe'),
(38, '--Jawab Pe'),
(38, '--Jawab Pe'),
(38, 'G12'),
(39, 'G01'),
(39, 'G02'),
(39, '--Jawab Pe'),
(39, '--Jawab Pe'),
(39, '--Jawab Pe'),
(39, 'G06'),
(39, '--Jawab Pe'),
(39, 'G08'),
(39, '--Jawab Pe'),
(39, '--Jawab Pe'),
(39, '--Jawab Pe'),
(39, 'G12'),
(40, 'G01'),
(40, 'G02'),
(40, '--Jawab Pe'),
(40, 'G04'),
(40, '--Jawab Pe'),
(40, '--Jawab Pe'),
(40, '--Jawab Pe'),
(40, '--Jawab Pe'),
(40, '--Jawab Pe'),
(40, '--Jawab Pe'),
(40, '--Jawab Pe'),
(40, '--Jawab Pe'),
(41, ''),
(41, 'G02'),
(41, '--Jawab Pe'),
(41, '--Jawab Pe'),
(41, '--Jawab Pe'),
(41, '--Jawab Pe'),
(41, '--Jawab Pe'),
(41, '--Jawab Pe'),
(41, '--Jawab Pe'),
(41, '--Jawab Pe'),
(41, '--Jawab Pe'),
(41, '--Jawab Pe'),
(42, 'G01'),
(42, 'G02'),
(42, ''),
(42, ''),
(42, ''),
(42, 'G06'),
(42, '--Jawab Pe'),
(42, 'G08'),
(42, '--Jawab Pe'),
(42, '--Jawab Pe'),
(42, '--Jawab Pe'),
(42, 'G12');

-- --------------------------------------------------------

--
-- Struktur dari tabel `gejala`
--

CREATE TABLE `gejala` (
  `idg` int(11) NOT NULL,
  `idadmin` int(11) NOT NULL,
  `kode_g` varchar(10) NOT NULL,
  `nama_g` varchar(50) NOT NULL
) ENGINE=InnoDB DEFAULT CHARSET=utf8mb4;

--
-- Dumping data untuk tabel `gejala`
--

INSERT INTO `gejala` (`idg`, `idadmin`, `kode_g`, `nama_g`) VALUES
(37, 1, 'G01', 'Gigi berlubang mengenai email gigi'),
(38, 1, 'G02', 'Gigi ngilu cepat hilang ketika makan makanan dingi'),
(39, 1, 'G03', 'Gigi berlubang mengenai dentin gigi'),
(40, 1, 'G04', 'Gigi ngilu dengan rasa nyeri hilang lama ketika ma'),
(41, 1, 'G05', 'Gigi sakit berdenyut'),
(42, 1, 'G06', 'Gigi berwarna kecoklatan atau kehitaman'),
(43, 1, 'G07', 'Gigi berlubang dalam'),
(44, 1, 'G08', 'Gusi bengkak'),
(45, 1, 'G09', 'Gusi berwarna merah'),
(46, 1, 'G10', 'Gusi berdarah ketika makan atau gosok gigi'),
(47, 1, 'G11', 'Terdapat karang gigi'),
(48, 1, 'G12', 'Gigi berwarna kuning kecoklatan');

-- --------------------------------------------------------

--
-- Struktur dari tabel `hasil`
--

CREATE TABLE `hasil` (
  `id_pasien` int(11) NOT NULL,
  `idp` int(11) NOT NULL,
  `proses` float NOT NULL
) ENGINE=InnoDB DEFAULT CHARSET=utf8mb4;

--
-- Dumping data untuk tabel `hasil`
--

INSERT INTO `hasil` (`id_pasien`, `idp`, `proses`) VALUES
(3, 1, 29.7137),
(3, 2, 40.7079),
(3, 3, 29.5784),
(4, 1, 4.44362),
(4, 2, 86.169),
(4, 3, 9.38736),
(5, 1, 16.7643),
(5, 2, 65.9277),
(5, 3, 17.308),
(6, 1, 23.0248),
(6, 2, 40.9758),
(6, 3, 35.9994),
(7, 1, 69.9406),
(7, 2, 15.8062),
(7, 3, 14.2532),
(8, 1, 9.19044),
(8, 2, 38.2763),
(8, 3, 52.5333),
(9, 1, 29.5575),
(9, 2, 14.8298),
(9, 3, 18.4407),
(9, 4, 9.12817),
(9, 5, 18.7204),
(9, 6, 9.3235),
(10, 1, 17.9245),
(10, 2, 21.6981),
(10, 3, 16.0377),
(10, 4, 13.2075),
(10, 5, 18.8679),
(10, 6, 12.2642),
(10, 1, 20.2609),
(10, 2, 11.5746),
(10, 3, 17.3315),
(10, 4, 9.73901),
(10, 5, 19.9811),
(10, 6, 21.1129),
(10, 1, 20.2609),
(10, 2, 11.5746),
(10, 3, 17.3315),
(10, 4, 9.73901),
(10, 5, 19.9811),
(10, 6, 21.1129),
(10, 1, 20.2609),
(10, 2, 11.5746),
(10, 3, 17.3315),
(10, 4, 9.73901),
(10, 5, 19.9811),
(10, 6, 21.1129),
(11, 1, 13.4253),
(11, 2, 9.28423),
(11, 3, 19.4091),
(11, 4, 13.4727),
(11, 5, 29.6156),
(11, 6, 14.7931),
(12, 1, 20.2609),
(12, 2, 11.5746),
(12, 3, 17.3315),
(12, 4, 9.73901),
(12, 5, 19.9811),
(12, 6, 21.1129),
(13, 1, 20.2609),
(13, 2, 11.5746),
(13, 3, 17.3315),
(13, 4, 9.73901),
(13, 5, 19.9811),
(13, 6, 21.1129),
(14, 1, 16.1274),
(14, 2, 17.2362),
(14, 3, 20.984),
(14, 4, 7.46967),
(14, 5, 21.8931),
(14, 6, 16.2897),
(15, 1, 29.6273),
(15, 2, 12.5328),
(15, 3, 20.507),
(15, 4, 8.211),
(15, 5, 18.5049),
(15, 6, 10.617),
(15, 0, 0),
(16, 1, 15.2496),
(16, 2, 24.9875),
(16, 3, 14.8202),
(16, 4, 9.3082),
(16, 5, 19.7436),
(16, 6, 15.8909),
(16, 1, 15.2496),
(16, 2, 24.9875),
(16, 3, 14.8202),
(16, 4, 9.3082),
(16, 5, 19.7436),
(16, 6, 15.8909),
(17, 1, 12.7961),
(17, 2, 22.5169),
(17, 3, 18.0683),
(17, 4, 7.42004),
(17, 5, 23.6079),
(17, 6, 15.5908),
(0, 1, 17.9245),
(0, 2, 21.6981),
(0, 3, 16.0377),
(0, 4, 13.2075),
(0, 5, 18.8679),
(0, 6, 12.2642),
(0, 1, 17.9245),
(0, 2, 21.6981),
(0, 3, 16.0377),
(0, 4, 13.2075),
(0, 5, 18.8679),
(0, 6, 12.2642),
(21, 1, 12.8683),
(21, 2, 17.094),
(21, 3, 25.4234),
(21, 4, 11.7456),
(21, 5, 22.7726),
(21, 6, 10.0961),
(22, 1, 16.1274),
(22, 2, 17.2362),
(22, 3, 20.984),
(22, 4, 7.46967),
(22, 5, 21.8931),
(22, 6, 16.2897),
(22, 1, 16.1274),
(22, 2, 17.2362),
(22, 3, 20.984),
(22, 4, 7.46967),
(22, 5, 21.8931),
(22, 6, 16.2897),
(22, 1, 16.1274),
(22, 2, 17.2362),
(22, 3, 20.984),
(22, 4, 7.46967),
(22, 5, 21.8931),
(22, 6, 16.2897),
(23, 1, 20.2609),
(23, 2, 11.5746),
(23, 3, 17.3315),
(23, 4, 9.73901),
(23, 5, 19.9811),
(23, 6, 21.1129),
(23, 1, 20.2609),
(23, 2, 11.5746),
(23, 3, 17.3315),
(23, 4, 9.73901),
(23, 5, 19.9811),
(23, 6, 21.1129),
(24, 1, 20.2609),
(24, 2, 11.5746),
(24, 3, 17.3315),
(24, 4, 9.73901),
(24, 5, 19.9811),
(24, 6, 21.1129),
(25, 1, 12.4934),
(25, 2, 16.771),
(25, 3, 22.6902),
(25, 4, 8.90151),
(25, 5, 28.1882),
(25, 6, 10.9558),
(25, 1, 12.4934),
(25, 2, 16.771),
(25, 3, 22.6902),
(25, 4, 8.90151),
(25, 5, 28.1882),
(25, 6, 10.9558),
(25, 1, 12.4934),
(25, 2, 16.771),
(25, 3, 22.6902),
(25, 4, 8.90151),
(25, 5, 28.1882),
(25, 6, 10.9558),
(26, 1, 12.4934),
(26, 2, 16.771),
(26, 3, 22.6902),
(26, 4, 8.90151),
(26, 5, 28.1882),
(26, 6, 10.9558),
(26, 1, 12.4934),
(26, 2, 16.771),
(26, 3, 22.6902),
(26, 4, 8.90151),
(26, 5, 28.1882),
(26, 6, 10.9558),
(26, 1, 12.4934),
(26, 2, 16.771),
(26, 3, 22.6902),
(26, 4, 8.90151),
(26, 5, 28.1882),
(26, 6, 10.9558),
(26, 1, 12.4934),
(26, 2, 16.771),
(26, 3, 22.6902),
(26, 4, 8.90151),
(26, 5, 28.1882),
(26, 6, 10.9558),
(27, 1, 20.2609),
(27, 2, 11.5746),
(27, 3, 17.3315),
(27, 4, 9.73901),
(27, 5, 19.9811),
(27, 6, 21.1129),
(28, 1, 20.2609),
(28, 2, 11.5746),
(28, 3, 17.3315),
(28, 4, 9.73901),
(28, 5, 19.9811),
(28, 6, 21.1129),
(29, 1, 20.2609),
(29, 2, 11.5746),
(29, 3, 17.3315),
(29, 4, 9.73901),
(29, 5, 19.9811),
(29, 6, 21.1129),
(30, 1, 23.7531),
(30, 2, 12.6357),
(30, 3, 13.9846),
(30, 4, 12.0186),
(30, 5, 16.4386),
(30, 6, 21.1694),
(31, 1, 22.1731),
(31, 2, 22.252),
(31, 3, 16.1727),
(31, 4, 8.26674),
(31, 5, 14.9103),
(31, 6, 16.2251),
(32, 1, 11.0441),
(32, 2, 12.8989),
(32, 3, 12.7732),
(32, 4, 19.7032),
(32, 5, 27.3547),
(32, 6, 16.2258),
(33, 1, 21.0966),
(33, 2, 13.7852),
(33, 3, 13.9635),
(33, 4, 9.5278),
(33, 5, 24.3261),
(33, 6, 17.3008),
(34, 1, 20.3683),
(34, 2, 11.3086),
(34, 3, 17.1823),
(34, 4, 10.1609),
(34, 5, 19.0827),
(34, 6, 21.8972),
(35, 1, 17.3576),
(35, 2, 14.3351),
(35, 3, 22.1264),
(35, 4, 7.54884),
(35, 5, 12.1965),
(35, 6, 26.4356),
(36, 1, 15.5387),
(36, 2, 10.145),
(36, 3, 21.8127),
(36, 4, 10.7888),
(36, 5, 27.5835),
(36, 6, 14.1313),
(37, 1, 11.8497),
(37, 2, 20.7597),
(37, 3, 16.8676),
(37, 4, 14.0936),
(37, 5, 15.5382),
(37, 6, 20.8912),
(38, 1, 26.9772),
(38, 2, 13.8976),
(38, 3, 11.3687),
(38, 4, 13.4104),
(38, 5, 12.4122),
(38, 6, 21.9338),
(39, 1, 20.2609),
(39, 2, 11.5746),
(39, 3, 17.3315),
(39, 4, 9.73901),
(39, 5, 19.9811),
(39, 6, 21.1129),
(40, 1, 11.7742),
(40, 2, 14.7977),
(40, 3, 25.493),
(40, 4, 7.59012),
(40, 5, 30.2846),
(40, 6, 10.0604),
(41, 1, 15.1515),
(41, 2, 19.697),
(41, 3, 19.6969),
(41, 4, 10.606),
(41, 5, 22.7273),
(41, 6, 12.1213),
(42, 1, 20.2609),
(42, 2, 11.5746),
(42, 3, 17.3315),
(42, 4, 9.73901),
(42, 5, 19.9811),
(42, 6, 21.1129);

-- --------------------------------------------------------

--
-- Struktur dari tabel `nilai_probabilitas`
--

CREATE TABLE `nilai_probabilitas` (
  `id_pro` int(11) NOT NULL,
  `idadmin` int(11) NOT NULL,
  `idp` varchar(11) NOT NULL,
  `idg` varchar(11) NOT NULL,
  `bg_penyakit` int(11) NOT NULL,
  `nilai` float NOT NULL
) ENGINE=InnoDB DEFAULT CHARSET=utf8mb4;

--
-- Dumping data untuk tabel `nilai_probabilitas`
--

INSERT INTO `nilai_probabilitas` (`id_pro`, `idadmin`, `idp`, `idg`, `bg_penyakit`, `nilai`) VALUES
(1, 1, 'P01', 'G01', 12, 0.631579),
(2, 1, 'P01', 'G02', 10, 0.526316),
(3, 1, 'P01', 'G03', 17, 0.894737),
(4, 1, 'P01', 'G04', 15, 0.789474),
(5, 1, 'P01', 'G05', 9, 0.473684),
(6, 1, 'P01', 'G06', 12, 0.631579),
(7, 1, 'P01', 'G07', 12, 0.631579),
(8, 1, 'P01', 'G08', 17, 0.894737),
(9, 1, 'P01', 'G09', 13, 0.684211),
(10, 1, 'P01', 'G10', 18, 0.947368),
(11, 1, 'P01', 'G11', 15, 0.789474),
(12, 1, 'P01', 'G12', 17, 0.894737),
(13, 1, 'P02', 'G01', 15, 0.652174),
(14, 1, 'P02', 'G02', 13, 0.565217),
(15, 1, 'P02', 'G03', 20, 0.869565),
(16, 1, 'P02', 'G04', 17, 0.73913),
(17, 1, 'P02', 'G05', 19, 0.826087),
(18, 1, 'P02', 'G06', 14, 0.608696),
(19, 1, 'P02', 'G07', 21, 0.913043),
(20, 1, 'P02', 'G08', 17, 0.73913),
(21, 1, 'P02', 'G09', 18, 0.782609),
(22, 1, 'P02', 'G10', 16, 0.695652),
(23, 1, 'P02', 'G11', 19, 0.826087),
(24, 1, 'P02', 'G12', 11, 0.478261),
(25, 1, 'P03', 'G01', 15, 0.882353),
(26, 1, 'P03', 'G02', 13, 0.764706),
(27, 1, 'P03', 'G03', 15, 0.882353),
(28, 1, 'P03', 'G04', 16, 0.941176),
(29, 1, 'P03', 'G05', 9, 0.529412),
(30, 1, 'P03', 'G06', 13, 0.764706),
(31, 1, 'P03', 'G07', 16, 0.941176),
(32, 1, 'P03', 'G08', 9, 0.529412),
(33, 1, 'P03', 'G09', 9, 0.529412),
(34, 1, 'P03', 'G10', 16, 0.941176),
(35, 1, 'P03', 'G11', 14, 0.823529),
(36, 1, 'P03', 'G12', 10, 0.588235),
(37, 1, 'P04', 'G01', 9, 0.642857),
(38, 1, 'P04', 'G02', 7, 0.5),
(39, 1, 'P04', 'G03', 13, 0.928571),
(40, 1, 'P04', 'G04', 10, 0.714286),
(41, 1, 'P04', 'G05', 12, 0.857143),
(42, 1, 'P04', 'G06', 12, 0.857143),
(43, 1, 'P04', 'G07', 8, 0.571429),
(44, 1, 'P04', 'G08', 6, 0.428571),
(45, 1, 'P04', 'G09', 9, 0.642857),
(46, 1, 'P04', 'G10', 10, 0.714286),
(47, 1, 'P04', 'G11', 12, 0.857143),
(48, 1, 'P04', 'G12', 13, 0.928571),
(49, 1, 'P05', 'G01', 19, 0.95),
(50, 1, 'P05', 'G02', 15, 0.75),
(51, 1, 'P05', 'G03', 17, 0.85),
(52, 1, 'P05', 'G04', 18, 0.9),
(53, 1, 'P05', 'G05', 16, 0.8),
(54, 1, 'P05', 'G06', 17, 0.85),
(55, 1, 'P05', 'G07', 9, 0.45),
(56, 1, 'P05', 'G08', 8, 0.4),
(57, 1, 'P05', 'G09', 16, 0.8),
(58, 1, 'P05', 'G10', 17, 0.85),
(59, 1, 'P05', 'G11', 14, 0.7),
(60, 1, 'P05', 'G12', 13, 0.65),
(61, 1, 'P06', 'G01', 9, 0.692308),
(62, 1, 'P06', 'G02', 8, 0.615385),
(63, 1, 'P06', 'G03', 12, 0.923077),
(64, 1, 'P06', 'G04', 10, 0.769231),
(65, 1, 'P06', 'G05', 9, 0.692308),
(66, 1, 'P06', 'G06', 10, 0.769231),
(67, 1, 'P06', 'G07', 12, 0.923077),
(68, 1, 'P06', 'G08', 11, 0.846154),
(69, 1, 'P06', 'G09', 7, 0.538462),
(70, 1, 'P06', 'G10', 5, 0.384615),
(71, 1, 'P06', 'G11', 9, 0.692308),
(72, 1, 'P06', 'G12', 12, 0.923077);

-- --------------------------------------------------------

--
-- Struktur dari tabel `pasien`
--

CREATE TABLE `pasien` (
  `id_pasien` int(11) NOT NULL,
  `nama` varchar(100) NOT NULL,
  `tanggal` date NOT NULL,
  `alamat` text NOT NULL,
  `nohp` varchar(12) NOT NULL,
  `tgl` datetime NOT NULL
) ENGINE=InnoDB DEFAULT CHARSET=utf8mb4;

--
-- Dumping data untuk tabel `pasien`
--

INSERT INTO `pasien` (`id_pasien`, `nama`, `tanggal`, `alamat`, `nohp`, `tgl`) VALUES
(12, 'Zulfandi Setiawan', '1997-06-09', 'Padang', '081267677253', '2023-06-06 15:28:10'),
(30, 'Hendra Kurniawan', '1999-05-20', 'Padang', '081290981298', '2023-06-20 01:55:16'),
(31, 'Muhammad Alif Amri', '2000-02-08', 'Batusangkar', '081278273764', '2023-06-20 01:59:15'),
(32, 'Febrian Venando Putra', '1999-03-10', 'Padang', '082136478264', '2023-06-20 02:13:23'),
(33, 'Anita Febrina', '1998-11-26', 'Solok Selatan', '082173546789', '2023-06-20 02:21:34'),
(34, 'Andini Putri', '2002-05-16', 'Padang', '082234677546', '2023-06-20 02:34:05'),
(35, 'Hanifa Rahmadani', '2004-07-23', 'Padang', '081223236457', '2023-06-20 02:35:33'),
(36, 'Syafni Aulia', '2002-01-01', 'Padang', '081284566547', '2023-06-20 02:36:41'),
(37, 'Andre Putra Zul', '2000-05-04', 'Padang Pariaman', '081234435265', '2023-06-20 02:37:43'),
(38, 'Tesha Ayu S', '2000-08-18', 'Padang', '082253647889', '2023-06-20 02:38:35'),
(40, 'tesa', '0000-00-00', '', '', '2023-06-25 06:11:23'),
(41, '', '0000-00-00', '', '', '2023-07-03 15:50:50'),
(42, 'Data Tes', '2000-01-04', 'Padang', '081263546678', '2023-07-03 16:03:15');

-- --------------------------------------------------------

--
-- Struktur dari tabel `penyakit`
--

CREATE TABLE `penyakit` (
  `idp` int(11) NOT NULL,
  `idadmin` int(11) NOT NULL,
  `kode_p` varchar(10) NOT NULL,
  `nama_p` varchar(50) NOT NULL,
  `bp_penyakit` int(11) NOT NULL,
  `bp_solusi` varchar(256) NOT NULL,
  `nilai_p` float NOT NULL
) ENGINE=InnoDB DEFAULT CHARSET=utf8mb4;

--
-- Dumping data untuk tabel `penyakit`
--

INSERT INTO `penyakit` (`idp`, `idadmin`, `kode_p`, `nama_p`, `bp_penyakit`, `bp_solusi`, `nilai_p`) VALUES
(1, 1, 'P01', 'Caries Supercialis', 19, 'Perbaiki kebiasaan kebersihan gigi,  Kurangi konsumsi gula, Lakukan perawatan fluoride, Lakukan penyegaran mulut, Kunjungi dokter gigi secara teratur', 0.179245),
(2, 1, 'P02', 'Caries Madian', 23, 'Kunyah Permen Karet Bebas Gula, Perbanyak Asupan Vitamin D, Menyikat Gigi dengan Pasta Gigi Berfluoride, Kurangi Konsumsi Makanan Manis, .Gunakan Akar Licorice.', 0.216981),
(3, 1, 'P03', 'Caries Profunda', 17, 'Perawatan Fluoride, Tambal Gigi, Pemasangan Mahkota Gigi,  Perawatan Saluran Akar, Pencabutan Gigi, Kunyah Permen Karet Bebas Gula', 0.160377),
(4, 1, 'P04', 'Caries Pulpilis', 14, 'Melakukan Perawatan langsung ke dokter gigi terdekat', 0.132075),
(5, 1, 'P05', 'Caries Mati', 20, 'menyikat gigi dua kali sehari dengan pasta gigi fluoride, membersihkan sela-sela gigi dengan benang gigi, menghindari makanan dan minuman yang tinggi gula, dan menjalani pemeriksaan rutin oleh dokter gigi.', 0.188679),
(6, 1, 'P06', 'Gingivitis', 13, 'Menjaga kebersihan gigi yang baik, Konsultasikan dengan dokter gigi, Perbaiki kebiasaan makan dan minum', 0.122642);

--
-- Indexes for dumped tables
--

--
-- Indeks untuk tabel `admin`
--
ALTER TABLE `admin`
  ADD PRIMARY KEY (`idadmin`);

--
-- Indeks untuk tabel `gejala`
--
ALTER TABLE `gejala`
  ADD PRIMARY KEY (`idg`);

--
-- Indeks untuk tabel `nilai_probabilitas`
--
ALTER TABLE `nilai_probabilitas`
  ADD PRIMARY KEY (`id_pro`);

--
-- Indeks untuk tabel `pasien`
--
ALTER TABLE `pasien`
  ADD PRIMARY KEY (`id_pasien`);

--
-- Indeks untuk tabel `penyakit`
--
ALTER TABLE `penyakit`
  ADD PRIMARY KEY (`idp`);

--
-- AUTO_INCREMENT untuk tabel yang dibuang
--

--
-- AUTO_INCREMENT untuk tabel `admin`
--
ALTER TABLE `admin`
  MODIFY `idadmin` int(11) NOT NULL AUTO_INCREMENT, AUTO_INCREMENT=2;

--
-- AUTO_INCREMENT untuk tabel `gejala`
--
ALTER TABLE `gejala`
  MODIFY `idg` int(11) NOT NULL AUTO_INCREMENT, AUTO_INCREMENT=50;

--
-- AUTO_INCREMENT untuk tabel `nilai_probabilitas`
--
ALTER TABLE `nilai_probabilitas`
  MODIFY `id_pro` int(11) NOT NULL AUTO_INCREMENT, AUTO_INCREMENT=117;

--
-- AUTO_INCREMENT untuk tabel `pasien`
--
ALTER TABLE `pasien`
  MODIFY `id_pasien` int(11) NOT NULL AUTO_INCREMENT, AUTO_INCREMENT=43;

--
-- AUTO_INCREMENT untuk tabel `penyakit`
--
ALTER TABLE `penyakit`
  MODIFY `idp` int(11) NOT NULL AUTO_INCREMENT, AUTO_INCREMENT=7;
COMMIT;

/*!40101 SET CHARACTER_SET_CLIENT=@OLD_CHARACTER_SET_CLIENT */;
/*!40101 SET CHARACTER_SET_RESULTS=@OLD_CHARACTER_SET_RESULTS */;
/*!40101 SET COLLATION_CONNECTION=@OLD_COLLATION_CONNECTION */;
